<?xml version="1.0" encoding="UTF-8"?>
<beans:beans xmlns:beans="http://www.springframework.org/schema/beans"
xmlns="http://www.springframework.org/schema/security"
xmlns:xsi="http://www.w3.org/2001/XMLSchema-instance"
xsi:schemaLocation="http://www.springframework.org/schema/beans
http://www.springframework.org/schema/beans/spring-beans-3.0.xsd
http://www.springframework.org/schema/security
http://www.springframework.org/schema/security/spring-security-3.2.xsd">

<http auto-config="true" use-expressions="true">
	
		<intercept-url pattern="/login.jsp" access="permitAll"/>
		<intercept-url pattern="/LocaleAction" access="permitAll"/>	
		<intercept-url pattern="/*" access="hasRole('ROLE_USER')"/>
	<!-- 	<session-management > 
            <concurrency-control max-sessions="1" error-if-maximum-exceeded="false" /> 
		</session-management> -->
		<form-login login-page="/login.jsp" 
			authentication-success-handler-ref="userAndBranchAuthenticationSuccessHandler" 
			authentication-failure-handler-ref="userAndBranchAuthenticationFailerHandler"  
		default-target-url="/main.jsp"/>
		<logout logout-url="/logout" success-handler-ref="userAndBranchLogoutSuccessHandler" invalidate-session="true" />
	</http>
	<authentication-manager alias="authenticationManager">
		<authentication-provider>
			<jdbc-user-service data-source-ref="irisDataSource"/>
			<password-encoder hash="plaintext"/>
			<!-- <password-encoder hash="sha-256"/> -->
		</authentication-provider>
	</authentication-manager>
</beans:beans>