<?xml version="1.0" encoding="UTF-8"?>
<beans xmlns="http://www.springframework.org/schema/beans"
	xmlns:xsi="http://www.w3.org/2001/XMLSchema-instance" 
	xmlns:context="http://www.springframework.org/schema/context"
	xmlns:aop="http://www.springframework.org/schema/aop"
	xmlns:tx="http://www.springframework.org/schema/tx"
	xsi:schemaLocation="http://www.springframework.org/schema/beans 
	http://www.springframework.org/schema/beans/spring-beans-3.0.xsd
	http://www.springframework.org/schema/context
    http://www.springframework.org/schema/context/spring-context-3.0.xsd
    http://www.springframework.org/schema/aop
    http://www.springframework.org/schema/aop/spring-aop-3.0.xsd
    http://www.springframework.org/schema/tx   
    http://www.springframework.org/schema/tx/spring-tx-3.0.xsd">
    
    <context:component-scan base-package="com.syslec.iris.*" />
	<!--其中base-package为需要扫描的包(含所有子包)
     @Service用于标注业务层组件，
     @Controller用于标注控制层组件(如struts中的action),
     @Repository用于标注数据访问组件，即DAO组件，
     @Component泛指组件，当组件不好归类的时候，我们可以使用这个注解进行标注。
	-->   
    
	<context:annotation-config/>
	<!-- 数据库访问URL,User,Pwd定义文件 -->
	<bean id="propertyConfigurer"
		class="org.springframework.beans.factory.config.PropertyPlaceholderConfigurer">
		<!-- <property name="location" value="classpath:config/mysql.properties" /> --> 
 		<property name="location" value="classpath:config/sqlserver.properties" />
	</bean>

	<!-- spring数据源 -->
	<bean id="irisDataSource"
		class="org.springframework.jdbc.datasource.DriverManagerDataSource">
		<property name="driverClassName">
			<value>${jdbc.driverClassName}</value>
		</property>
		<property name="url">
			<value>${jdbc.url}</value>
		</property>
		<property name="username">
			<value>${jdbc.username}</value>
		</property>
		<property name="password">
			<value>${jdbc.password}</value>
		</property>
	</bean>
	
	<bean id="jdbcUserDetailsManager"
		class="org.springframework.security.provisioning.JdbcUserDetailsManager">
		<property name="dataSource" ref="irisDataSource" />
		<property name="enableGroups" value="false" />
		<property name="enableAuthorities" value="true" />
	</bean>
	
	 <!-- 将sessionFactory注入Spring事务管理类 -->
	<bean id="transactionManager" class="org.springframework.orm.hibernate3.HibernateTransactionManager">
        <property name="sessionFactory" ref="sessionFactory" />
    </bean>
    <!-- end -->
    
    <!-- 开启Sping注释管理事务功能，指定事务管理的Bean -->  
    <!-- <tx:annotation-driven transaction-manager="transactionManager" /> -->
    <!-- end -->
	
	<!-- Only use for org.springframework.jdbc.datasource.DriverManagerDataSource
	<bean id="transactionManager" class="org.springframework.jdbc.datasource.DataSourceTransactionManager">
		<property name="dataSource" ref="dataSource"/>
  	</bean>
  	-->
  	
	<!-- DAO Beans-->	
	<bean id="irisDaoSupport"
		class="com.syslec.iris.commons.dao.IRISDaoSupport">
		<property name="sessionFactory" ref="sessionFactory"/>
	</bean>	
	
	<bean id="generalDaoSupport"
		class="com.syslec.iris.commons.dao.GeneralDaoSupport">
	</bean>	  	
	<!-- DAO Beans End -->
	
	<!-- Action Beans-->
	<bean id="userAndBranchAuthenticationSuccessHandler"
		class="com.syslec.iris.security.action.UserAndBranchAuthenticationSuccessHandler">
	</bean>		
	
	<bean id="userAndBranchAuthenticationFailerHandler"
		class="com.syslec.iris.security.action.UserAndBranchAuthenticationFailerHandler">
	</bean>		
	
	<bean id="userAndBranchLogoutSuccessHandler"
		class="com.syslec.iris.security.action.UserAndBranchLogoutSuccessHandler">
	</bean>
	
	<bean id="userChangePasswordAction"
		class="com.syslec.iris.security.action.UserChangePasswordAction">
		<property name="jdbcUserDetailsManager" ref="jdbcUserDetailsManager"/>
	</bean>	
	
	<bean id="systemObjectsTreeAction"
		class="com.syslec.iris.security.action.SystemObjectsTreeAction">
	</bean>	
	
	<!-- Basic Action Beans End-->
	
	<!-- Security Service Beans-->
	<bean id="encrptUtil"
		class="com.syslec.iris.security.service.SimpleDESUtil">		
	</bean>
	
	<bean id="passwordEncoder" 
		xmlns="http://www.springframework.org/schema/beans"
		class="org.springframework.security.authentication.encoding.ShaPasswordEncoder">
		<constructor-arg value="256"/>
	</bean>
	
	<bean id="passwordEncoderUtil"
		class="com.syslec.iris.security.service.PasswordEncoderUtil">		
	</bean>	
	<!-- Security Service Beans End-->
	
	<bean id="evaluator" class="net.sourceforge.jeval.Evaluator" scope="prototype"></bean>
	
	<!-- 数据库访问工厂对象 -->
	<bean id="sessionFactory"
		class="org.springframework.orm.hibernate3.annotation.AnnotationSessionFactoryBean">
		<property name="dataSource">
			<ref local="irisDataSource" />
		</property>
		<property name="annotatedClasses"><!-- or use <property name="annotatedPackages"> -->   
			<list>
			
				<!-- business objects -->
				<value>com.syslec.iris.commons.business.model.CurrencyExchangeRate</value>
				<value>com.syslec.iris.commons.business.model.Branch</value>
				<value>com.syslec.iris.commons.business.model.AssistantItem</value>
				
				<!-- basic information -->
				<value>com.syslec.iris.commons.basic.model.CommonWords</value>
				<value>com.syslec.iris.commons.basic.model.DataImportFile</value>
				<value>com.syslec.iris.commons.basic.model.DataImportMapping</value>
				<value>com.syslec.iris.commons.basic.model.BranchReport</value>
				<value>com.syslec.iris.commons.basic.model.ReportUser</value>
				<value>com.syslec.iris.commons.basic.model.BranchReportStatus</value>
				<value>com.syslec.iris.commons.basic.model.DataFormatSetting</value>
				<value>com.syslec.iris.commons.basic.model.CustomerBasicInformation</value>
				<value>com.syslec.iris.commons.basic.model.ClassBasicInformation</value>
				<value>com.syslec.iris.commons.basic.model.ObjectValidation</value>				
				<value>com.syslec.iris.commons.basic.model.UIResourceConfig</value>
				
				<value>com.syslec.iris.commons.basic.model.DataExportFile</value>
				<value>com.syslec.iris.commons.basic.model.DataExportMapping</value>
				<value>com.syslec.iris.commons.basic.model.ClassProperty</value>
				<value>com.syslec.iris.commons.basic.model.ClassRelatedList</value>
				<value>com.syslec.iris.commons.basic.model.ClassPropertyValueCodes</value>
				<value>com.syslec.iris.commons.model.ActionLogConfig</value>
				<value>com.syslec.iris.commons.model.ActionLog</value>
				
				<!-- security information -->
				<value>com.syslec.iris.security.model.Users</value>
				<value>com.syslec.iris.security.model.UserUsedPassword</value>
				<value>com.syslec.iris.security.model.UserBranches</value>
				<value>com.syslec.iris.security.model.Authorities</value>
				<value>com.syslec.iris.security.model.ReportUserRight</value>
				<value>com.syslec.iris.security.model.RptMonthRight</value>
				<value>com.syslec.iris.security.model.SystemObjects</value>
				<value>com.syslec.iris.security.model.SystemObjectsAcls</value>
				<value>com.syslec.iris.security.model.SystemRoles</value>
				<value>com.syslec.iris.security.model.TeamUsers</value>
				
				
				<!-- acm -->
				<value>com.syslec.iris.acm.model.CounterfeitMoney</value>
				<value>com.syslec.iris.acm.model.ACMCompareFile</value>
				<value>com.syslec.iris.acm.model.ACMCompareFileNumber</value>
				<value>com.syslec.iris.acm.model.AcmPrompt</value>
				<value>com.syslec.iris.acm.model.AcmCurrency</value>
				<value>com.syslec.iris.acm.model.AcmTranche</value>
				<value>com.syslec.iris.acm.model.AcmMachine</value>
				<value>com.syslec.iris.acm.model.AcmMachineMaintenance</value>
				<value>com.syslec.iris.acm.model.ACMFinanceNumber</value>
				<value>com.syslec.iris.acm.model.ACMBranchNumber</value>
				<value>com.syslec.iris.acm.model.NewTypeCounterfeitMoney</value>
			  </list>   
		</property>  		
		
		<property name="hibernateProperties">
			<props>
				<prop key="hibernate.dialect">
					${hibernate.dialect}
				</prop>
				<prop key="connection.characterEncoding">utf8</prop>
				<!-- 打印SQL语句 -->
				<prop key="hibernate.show_sql">true</prop>
				<prop key="format_sql">true</prop>
				<!-- 配置Hibernate的批处理量 -->
				<prop key="hibernate.jdbc.batch_size">50</prop>
				<!-- 配置Hibernate的二级缓存 -->
				<!--<prop key="hibernate.cache.use_second_level_cache">true</prop> Hibernate 3.3 and above not use this-->
				 <prop key="hibernate.cache.use_query_cache">true</prop>				
				<!-- <prop key="hibernate.cache.region.factory_class">
					org.hibernate.cache.EhCacheRegionFactory
				</prop>	Hibernate 3.3 and above not use this--> 			
				<prop key="hibernate.cache.provider_class">org.hibernate.cache.EhCacheProvider</prop>
				<prop key="jdbc.use_scrollable_resultset">false</prop>
				<prop key="hibernate.jdbc.use_scrollable_resultset">false</prop>
				<prop key="hibernate.c3p0.min_size">1</prop>
  				<prop key="hibernate.c3p0.max_size">3</prop>
  				<prop key="hibernate.c3p0.timeout">300</prop>
  				<prop key="hibernate.c3p0.max_statements">50</prop>
  				<prop key="hibernate.c3p0.idle_test_period">3000</prop>
  				<prop key="javax.persistence.validation.mode">none</prop> 					
			</props>
		</property>
	</bean>
	
	
    <!-- 启动AspectJ支持 -->   
    <aop:aspectj-autoproxy proxy-target-class="true"/>

</beans>