<?xml version="1.0" encoding="UTF-8"?>
<weblogic-web-app xmlns:xsi="http://www.w3.org/2001/XMLSchema-instance"  
    xsi:schemaLocation="http://www.bea.com/ns/weblogic/weblogic-web-app http://www.bea.com/ns/weblogic/weblogic-web-app/1.0/weblogic-web-app.xsd"  
    xmlns="http://www.bea.com/ns/weblogic/weblogic-web-app">  
    <context-root>IRIS</context-root>  
    <container-descriptor>  
        <!-- 优先加载web工程中的包 -->  
        <prefer-web-inf-classes>true</prefer-web-inf-classes>
        <show-archived-real-path-enabled>true</show-archived-real-path-enabled>  
    </container-descriptor>  
</weblogic-web-app>  