<?xml version="1.0" encoding="UTF-8"?>
<beans xmlns="http://www.springframework.org/schema/beans"
	xmlns:xsi="http://www.w3.org/2001/XMLSchema-instance" 
	xmlns:context="http://www.springframework.org/schema/context"
	xmlns:aop="http://www.springframework.org/schema/aop"
	xmlns:tx="http://www.springframework.org/schema/tx"
	xsi:schemaLocation="http://www.springframework.org/schema/beans 
	http://www.springframework.org/schema/beans/spring-beans-3.0.xsd
	http://www.springframework.org/schema/context
    http://www.springframework.org/schema/context/spring-context-3.0.xsd
    http://www.springframework.org/schema/aop
    http://www.springframework.org/schema/aop/spring-aop-3.0.xsd
    http://www.springframework.org/schema/tx   
    http://www.springframework.org/schema/tx/spring-tx-3.0.xsd">
    
    <context:component-scan base-package="com.syslec.iris.*" />
	<!--其中base-package为需要扫描的包(含所有子包)
     @Service用于标注业务层组件，
     @Controller用于标注控制层组件(如struts中的action),
     @Repository用于标注数据访问组件，即DAO组件，
     @Component泛指组件，当组件不好归类的时候，我们可以使用这个注解进行标注。
	-->   
    
	<context:annotation-config/>
	<!-- 数据库访问URL,User,Pwd定义文件 -->
	<bean id="propertyConfigurer"
		class="org.springframework.beans.factory.config.PropertyPlaceholderConfigurer">
		<!-- <property name="location" value="classpath:config/mysql.properties" /> --> 
 		<property name="location" value="classpath:config/sqlserver.properties" />
	</bean>

	<!-- spring数据源 -->
	<bean id="irisDataSource"
		class="org.springframework.jdbc.datasource.DriverManagerDataSource">
		<property name="driverClassName">
			<value>${jdbc.driverClassName}</value>
		</property>
		<property name="url">
			<value>${jdbc.url}</value>
		</property>
		<property name="username">
			<value>${jdbc.username}</value>
		</property>
		<property name="password">
			<value>${jdbc.password}</value>
		</property>
	</bean>
	
	<bean id="jdbcUserDetailsManager"
		class="org.springframework.security.provisioning.JdbcUserDetailsManager">
		<property name="dataSource" ref="irisDataSource" />
		<property name="enableGroups" value="false" />
		<property name="enableAuthorities" value="true" />
	</bean>
	
	 <!-- 将sessionFactory注入Spring事务管理类 -->
	<bean id="transactionManager" class="org.springframework.orm.hibernate3.HibernateTransactionManager">
        <property name="sessionFactory" ref="sessionFactory" />
    </bean>
    <!-- end -->
    
    <!-- 开启Sping注释管理事务功能，指定事务管理的Bean -->  
    <!-- <tx:annotation-driven transaction-manager="transactionManager" /> -->
    <!-- end -->
	
	<!-- Only use for org.springframework.jdbc.datasource.DriverManagerDataSource
	<bean id="transactionManager" class="org.springframework.jdbc.datasource.DataSourceTransactionManager">
		<property name="dataSource" ref="dataSource"/>
  	</bean>
  	-->
  	
	<!-- DAO Beans-->	
	<bean id="irisDaoSupport"
		class="com.syslec.iris.commons.dao.IRISDaoSupport">
		<property name="sessionFactory" ref="sessionFactory"/>
	</bean>	
	
	<bean id="generalDaoSupport"
		class="com.syslec.iris.commons.dao.GeneralDaoSupport">
	</bean>	  	
	<!-- DAO Beans End -->
	
	<!-- Action Beans-->
	<bean id="userAndBranchAuthenticationSuccessHandler"
		class="com.syslec.iris.security.action.UserAndBranchAuthenticationSuccessHandler">
	</bean>		
	
	<bean id="userAndBranchAuthenticationFailerHandler"
		class="com.syslec.iris.security.action.UserAndBranchAuthenticationFailerHandler">
	</bean>		
	
	<bean id="userAndBranchLogoutSuccessHandler"
		class="com.syslec.iris.security.action.UserAndBranchLogoutSuccessHandler">
	</bean>
	
	<bean id="userChangePasswordAction"
		class="com.syslec.iris.security.action.UserChangePasswordAction">
		<property name="jdbcUserDetailsManager" ref="jdbcUserDetailsManager"/>
	</bean>	
	
	<bean id="systemObjectsTreeAction"
		class="com.syslec.iris.security.action.SystemObjectsTreeAction">
	</bean>	
	
	<!-- Basic Action Beans End-->
	
	<!-- Security Service Beans-->
	<bean id="encrptUtil"
		class="com.syslec.iris.security.service.SimpleDESUtil">		
	</bean>
	
	<bean id="passwordEncoder" 
		xmlns="http://www.springframework.org/schema/beans"
		class="org.springframework.security.authentication.encoding.ShaPasswordEncoder">
		<constructor-arg value="256"/>
	</bean>
	
	<bean id="passwordEncoderUtil"
		class="com.syslec.iris.security.service.PasswordEncoderUtil">		
	</bean>	
	<!-- Security Service Beans End-->
	
	<bean id="evaluator" class="net.sourceforge.jeval.Evaluator" scope="prototype"></bean>
	
	<!-- 数据库访问工厂对象 -->
	<bean id="sessionFactory"
		class="org.springframework.orm.hibernate3.annotation.AnnotationSessionFactoryBean">
		<property name="dataSource">
			<ref local="irisDataSource" />
		</property>
		<property name="annotatedClasses"><!-- or use <property name="annotatedPackages"> -->   
			<list>
			
				<!-- business objects -->
				<value>com.syslec.iris.commons.business.model.CurrencyExchangeRate</value>
				<value>com.syslec.iris.commons.business.model.Branch</value>
				<value>com.syslec.iris.commons.business.model.AssistantItem</value>
				
				<!-- basic information -->
				<value>com.syslec.iris.commons.basic.model.CommonWords</value>
				<value>com.syslec.iris.commons.basic.model.DataImportFile</value>
				<value>com.syslec.iris.commons.basic.model.DataImportMapping</value>
				<value>com.syslec.iris.commons.basic.model.BranchReport</value>
				<value>com.syslec.iris.commons.basic.model.ReportUser</value>
				<value>com.syslec.iris.commons.basic.model.BranchReportStatus</value>
				<value>com.syslec.iris.commons.basic.model.DataFormatSetting</value>
				<value>com.syslec.iris.commons.basic.model.CustomerBasicInformation</value>
				<value>com.syslec.iris.commons.basic.model.ClassBasicInformation</value>
				<value>com.syslec.iris.commons.basic.model.ObjectValidation</value>				
				<value>com.syslec.iris.commons.basic.model.UIResourceConfig</value>
				
				<value>com.syslec.iris.commons.basic.model.DataExportFile</value>
				<value>com.syslec.iris.commons.basic.model.DataExportMapping</value>
				<value>com.syslec.iris.commons.basic.model.ClassProperty</value>
				<value>com.syslec.iris.commons.basic.model.ClassRelatedList</value>
				<value>com.syslec.iris.commons.basic.model.ClassPropertyValueCodes</value>
				<value>com.syslec.iris.commons.model.ActionLogConfig</value>
				<value>com.syslec.iris.commons.model.ActionLog</value>
				
				<!-- security information -->
				<value>com.syslec.iris.security.model.Users</value>
				<value>com.syslec.iris.security.model.UserUsedPassword</value>
				<value>com.syslec.iris.security.model.UserBranches</value>
				<value>com.syslec.iris.security.model.Authorities</value>
				<value>com.syslec.iris.security.model.ReportUserRight</value>
				<value>com.syslec.iris.security.model.RptMonthRight</value>
				<value>com.syslec.iris.security.model.SystemObjects</value>
				<value>com.syslec.iris.security.model.SystemObjectsAcls</value>
				<value>com.syslec.iris.security.model.SystemRoles</value>
				<value>com.syslec.iris.security.model.TeamUsers</value>
				
				<!-- nlp information -->
				<value>com.syslec.iris.nlp.model.ReportObjectMapping</value>
				<value>com.syslec.iris.nlp.model.ReportCombine</value>
				<value>com.syslec.iris.nlp.model.ReportConfig</value>
				<value>com.syslec.iris.nlp.model.ReportLogic</value>
				<value>com.syslec.iris.nlp.model.ReportMiddleVariable</value>
				<value>com.syslec.iris.nlp.data.model.Symbol</value>
				<value>com.syslec.iris.nlp.data.model.ReportAuditProperty</value>
				
				<!-- cbrc 1104 report table -->
				<value>com.syslec.iris.cbrc1104.model.Assrow</value>
				<value>com.syslec.iris.cbrc1104.model.Asstable</value>
				<value>com.syslec.iris.cbrc1104.model.CheckItem</value>
				<value>com.syslec.iris.cbrc1104.model.ExcelTemplate</value>
				<value>com.syslec.iris.cbrc1104.model.ReportVerificationResult</value>
				<value>com.syslec.iris.cbrc1104.model.ReportItem</value>
				<value>com.syslec.iris.cbrc1104.model.WriteExcelItem</value>
				<value>com.syslec.iris.cbrc1104.model.G0100</value>
				<value>com.syslec.iris.cbrc1104.model.G0101</value>
				<value>com.syslec.iris.cbrc1104.model.G0102</value>
				<value>com.syslec.iris.cbrc1104.model.G0103</value>
				<value>com.syslec.iris.cbrc1104.model.G0104</value>
				<value>com.syslec.iris.cbrc1104.model.G0109</value>
				<value>com.syslec.iris.cbrc1104.model.G0105</value>
				<value>com.syslec.iris.cbrc1104.model.G0106</value>
				<value>com.syslec.iris.cbrc1104.model.G0107</value>
				<value>com.syslec.iris.cbrc1104.model.G0108</value>
				<value>com.syslec.iris.cbrc1104.model.G0200</value>
				<value>com.syslec.iris.cbrc1104.model.G0300</value>
				<value>com.syslec.iris.cbrc1104.model.G0400</value>
				<value>com.syslec.iris.cbrc1104.model.G0500</value>
				<value>com.syslec.iris.cbrc1104.model.G0600</value>
				<value>com.syslec.iris.cbrc1104.model.G0601</value>
				<value>com.syslec.iris.cbrc1104.model.G0602</value>
				<value>com.syslec.iris.cbrc1104.model.G1101</value>
				<value>com.syslec.iris.cbrc1104.model.G1102</value>
				<value>com.syslec.iris.cbrc1104.model.G1103</value>
				<value>com.syslec.iris.cbrc1104.model.G1200</value>
				<value>com.syslec.iris.cbrc1104.model.G1301</value>
				<value>com.syslec.iris.cbrc1104.model.G1302</value>
				<value>com.syslec.iris.cbrc1104.model.G1303</value>
				<value>com.syslec.iris.cbrc1104.model.G1304</value>
				<value>com.syslec.iris.cbrc1104.model.G1401</value>
				<value>com.syslec.iris.cbrc1104.model.G1402</value>
				<value>com.syslec.iris.cbrc1104.model.G1403</value>
				<value>com.syslec.iris.cbrc1104.model.G1500</value>
				<value>com.syslec.iris.cbrc1104.model.G1600</value>
				<value>com.syslec.iris.cbrc1104.model.G1800</value>
				<value>com.syslec.iris.cbrc1104.model.G1803</value>
				<value>com.syslec.iris.cbrc1104.model.G1900</value>
				<value>com.syslec.iris.cbrc1104.model.G2100</value>
				<value>com.syslec.iris.cbrc1104.model.G2200</value>
				<value>com.syslec.iris.cbrc1104.model.G2300</value>
				<value>com.syslec.iris.cbrc1104.model.G2400</value>
				<value>com.syslec.iris.cbrc1104.model.G2501</value>
				<value>com.syslec.iris.cbrc1104.model.G2502</value>
				<value>com.syslec.iris.cbrc1104.model.G3100</value>
				<value>com.syslec.iris.cbrc1104.model.G3200</value>
				<value>com.syslec.iris.cbrc1104.model.G3400</value>
				<value>com.syslec.iris.cbrc1104.model.G3301</value>
				<value>com.syslec.iris.cbrc1104.model.G3302</value>
				<value>com.syslec.iris.cbrc1104.model.G3400</value>
				<value>com.syslec.iris.cbrc1104.model.G4000</value>
				<value>com.syslec.iris.cbrc1104.model.G4100</value>
				<value>com.syslec.iris.cbrc1104.model.G4200</value>
				<value>com.syslec.iris.cbrc1104.model.G4300</value>
				<value>com.syslec.iris.cbrc1104.model.G4400</value>
				<value>com.syslec.iris.cbrc1104.model.G4A00</value>
				<value>com.syslec.iris.cbrc1104.model.G4A01a</value>
				<value>com.syslec.iris.cbrc1104.model.G4B01</value>
				<value>com.syslec.iris.cbrc1104.model.G4B02</value>
				<value>com.syslec.iris.cbrc1104.model.G4B03</value>
				<value>com.syslec.iris.cbrc1104.model.G4C00</value>
				<value>com.syslec.iris.cbrc1104.model.G4C01</value>
				<value>com.syslec.iris.cbrc1104.model.G4D00</value>
				<value>com.syslec.iris.cbrc1104.model.G5100</value>
				<value>com.syslec.iris.cbrc1104.model.G5300</value>
				<value>com.syslec.iris.cbrc1104.model.G5301</value>
				<value>com.syslec.iris.cbrc1104.model.G5302</value>
				<value>com.syslec.iris.cbrc1104.model.G5303</value>
				<value>com.syslec.iris.cbrc1104.model.G5304</value>
				<value>com.syslec.iris.cbrc1104.model.G0A00</value>
				<value>com.syslec.iris.cbrc1104.model.GF0100</value>
				<value>com.syslec.iris.cbrc1104.model.GF0101</value>
				<value>com.syslec.iris.cbrc1104.model.GF0102</value>
				<value>com.syslec.iris.cbrc1104.model.GF0103</value>
				<value>com.syslec.iris.cbrc1104.model.GF0109</value>
				<value>com.syslec.iris.cbrc1104.model.GF0106</value>
				<value>com.syslec.iris.cbrc1104.model.GF0107</value>
				<value>com.syslec.iris.cbrc1104.model.GF0400</value>
				<value>com.syslec.iris.cbrc1104.model.GF0401</value>
				<value>com.syslec.iris.cbrc1104.model.GF1101</value>
				<value>com.syslec.iris.cbrc1104.model.GF1102</value>
				<value>com.syslec.iris.cbrc1104.model.GF1103</value>
				<value>com.syslec.iris.cbrc1104.model.GF1200</value>
				<value>com.syslec.iris.cbrc1104.model.GF1301</value>
				<value>com.syslec.iris.cbrc1104.model.GF1302</value>
				<value>com.syslec.iris.cbrc1104.model.GF1303</value>
				<value>com.syslec.iris.cbrc1104.model.GF1304</value>
				<value>com.syslec.iris.cbrc1104.model.GF1401</value>
				<value>com.syslec.iris.cbrc1104.model.GF1403</value>
				<value>com.syslec.iris.cbrc1104.model.GF1600</value>
				<value>com.syslec.iris.cbrc1104.model.GF4300</value>
				<value>com.syslec.iris.cbrc1104.model.GF5301</value>
				<value>com.syslec.iris.cbrc1104.model.GF5302</value>
				<value>com.syslec.iris.cbrc1104.model.GF5303</value>
				<value>com.syslec.iris.cbrc1104.model.GF5304</value>
				<value>com.syslec.iris.cbrc1104.model.S0300</value>
				<value>com.syslec.iris.cbrc1104.model.S2400</value>
				<value>com.syslec.iris.cbrc1104.model.S2700</value>
				<value>com.syslec.iris.cbrc1104.model.S3800</value>
				<value>com.syslec.iris.cbrc1104.model.S5100</value>
				<value>com.syslec.iris.cbrc1104.model.S5400</value>
				<value>com.syslec.iris.cbrc1104.model.S5501</value>
				<value>com.syslec.iris.cbrc1104.model.S5502</value>
				<value>com.syslec.iris.cbrc1104.model.S5600</value>
				<value>com.syslec.iris.cbrc1104.model.S5700</value>
				<value>com.syslec.iris.cbrc1104.model.S5800</value>
				<value>com.syslec.iris.cbrc1104.model.S5900</value>
				<value>com.syslec.iris.cbrc1104.model.S6000</value>
				<value>com.syslec.iris.cbrc1104.model.S6100</value>
				<value>com.syslec.iris.cbrc1104.model.S6200</value>
				<value>com.syslec.iris.cbrc1104.model.S6301</value>
				<value>com.syslec.iris.cbrc1104.model.S6302</value>
				<value>com.syslec.iris.cbrc1104.model.S6401</value>
				<value>com.syslec.iris.cbrc1104.model.S6402</value>
				<value>com.syslec.iris.cbrc1104.model.S6501</value>
				<value>com.syslec.iris.cbrc1104.model.S6502</value>
				<value>com.syslec.iris.cbrc1104.model.S6600</value>
				<value>com.syslec.iris.cbrc1104.model.S6700</value>
				<value>com.syslec.iris.cbrc1104.model.S6800</value>
				<value>com.syslec.iris.cbrc1104.model.S7001</value>
				<value>com.syslec.iris.cbrc1104.model.S7002</value>
				<value>com.syslec.iris.cbrc1104.model.SF2101</value>
				<value>com.syslec.iris.cbrc1104.model.SF2102</value>
				<value>com.syslec.iris.cbrc1104.model.SF2601</value>
				<value>com.syslec.iris.cbrc1104.model.SF2602</value>
				<value>com.syslec.iris.cbrc1104.model.SF2700</value>
				<value>com.syslec.iris.cbrc1104.model.SF2800</value>
				<value>com.syslec.iris.cbrc1104.model.SF2900</value>
				<value>com.syslec.iris.cbrc1104.model.SF5100</value>
				<value>com.syslec.iris.cbrc1104.model.SF5101</value>
				<value>com.syslec.iris.cbrc1104.model.SF510102</value>
				<value>com.syslec.iris.cbrc1104.model.SF5102</value>
				<value>com.syslec.iris.cbrc1104.model.SF5103</value>
				<value>com.syslec.iris.cbrc1104.model.SF5104</value>
				<value>com.syslec.iris.cbrc1104.model.SF5105</value>
				<value>com.syslec.iris.cbrc1104.model.SF5106</value>
				<value>com.syslec.iris.cbrc1104.model.SF5107</value>
				<value>com.syslec.iris.cbrc1104.model.SF5400</value>
				<value>com.syslec.iris.cbrc1104.model.SF5600</value>
				<value>com.syslec.iris.cbrc1104.model.SF5700</value>
				<value>com.syslec.iris.cbrc1104.model.SF6200</value>
				<value>com.syslec.iris.cbrc1104.model.P046T0046M01</value>
				<value>com.syslec.iris.cbrc1104.model.P046T0046M02</value>
				<value>com.syslec.iris.cbrc1104.model.P044T0044M01</value>
				<value>com.syslec.iris.cbrc1104.model.P044T0044M02</value>
				
				<!-- new add start -->
				<value>com.syslec.iris.cbrc1104.model.Q1900</value>
				<value>com.syslec.iris.cbrc1104.model.S3A00</value>
				<value>com.syslec.iris.cbrc1104.model.S3F00</value>
				<value>com.syslec.iris.cbrc1104.model.S3900</value>
				<value>com.syslec.iris.pboccentralization.model.A1467</value>
				<!-- new add end -->
				<!-- PBOC Centralization report table -->
				<value>com.syslec.iris.pboccentralization.model.A1301</value>
				<value>com.syslec.iris.pboccentralization.model.A1302</value>
				<value>com.syslec.iris.pboccentralization.model.A1310</value>
				<value>com.syslec.iris.pboccentralization.model.A1369</value>
				<value>com.syslec.iris.pboccentralization.model.A1411</value>
				<value>com.syslec.iris.pboccentralization.model.A1460</value>
				<value>com.syslec.iris.pboccentralization.model.A1463</value>
				<value>com.syslec.iris.pboccentralization.model.A1470</value>
				<value>com.syslec.iris.pboccentralization.model.A2310</value>
				<value>com.syslec.iris.pboccentralization.model.A2369</value>
				<value>com.syslec.iris.pboccentralization.model.A2411</value>
				<value>com.syslec.iris.pboccentralization.model.A2460</value>
				<value>com.syslec.iris.pboccentralization.model.A2463</value>
				<value>com.syslec.iris.pboccentralization.model.A3101</value>
				<value>com.syslec.iris.pboccentralization.model.A3301</value>
				<value>com.syslec.iris.pboccentralization.model.A3302</value>
				<value>com.syslec.iris.pboccentralization.model.A3304</value>
				<value>com.syslec.iris.pboccentralization.model.A3320</value>
				<value>com.syslec.iris.pboccentralization.model.A3321</value>
				<value>com.syslec.iris.pboccentralization.model.A3323</value>
				<value>com.syslec.iris.pboccentralization.model.A3410</value>
				<value>com.syslec.iris.pboccentralization.model.A3411</value>
				<value>com.syslec.iris.pboccentralization.model.A3412</value>
				<value>com.syslec.iris.pboccentralization.model.A3413</value>
				<value>com.syslec.iris.pboccentralization.model.A3414</value>
				<value>com.syslec.iris.pboccentralization.model.A3415</value>
				<value>com.syslec.iris.pboccentralization.model.A3702</value>
				<value>com.syslec.iris.pboccentralization.model.A3Z01</value>
				<value>com.syslec.iris.pboccentralization.model.A3Z02</value>
				<value>com.syslec.iris.pboccentralization.model.A3Z03</value>
				<value>com.syslec.iris.pboccentralization.model.A3Z04</value>																
				<value>com.syslec.iris.pboccentralization.model.PBOCCentralizationAssrow</value>
				<value>com.syslec.iris.pboccentralization.model.PBOCCentralizationAsstable</value>
				<value>com.syslec.iris.pboccentralization.model.PBOCCentralizationCheckItem</value>
				<value>com.syslec.iris.pboccentralization.model.PBOCCentralizationConstants</value>
				<value>com.syslec.iris.pboccentralization.model.PBOCCentralizationPBOCVersion</value>
				<value>com.syslec.iris.pboccentralization.model.PBOCCentralizationReportItem</value>
				<value>com.syslec.iris.pboccentralization.model.PBOCCentralizationReportVerificationResult</value>
				
				<!-- acm -->
				<value>com.syslec.iris.acm.model.CounterfeitMoney</value>
				<value>com.syslec.iris.acm.model.CounterfeitMoneyGather</value>
				<value>com.syslec.iris.acm.model.ACMCompareFile</value>
				<value>com.syslec.iris.acm.model.ACMCompareFileNumber</value>
				<value>com.syslec.iris.acm.model.AcmPrompt</value>
				<value>com.syslec.iris.acm.model.AcmCurrency</value>
				<value>com.syslec.iris.acm.model.AcmTranche</value>
			  </list>   
		</property>  		
		
		<property name="hibernateProperties">
			<props>
				<prop key="hibernate.dialect">
					${hibernate.dialect}
				</prop>
				<prop key="connection.characterEncoding">utf8</prop>
				<!-- 打印SQL语句 -->
				<prop key="hibernate.show_sql">true</prop>
				<prop key="format_sql">true</prop>
				<!-- 配置Hibernate的批处理量 -->
				<prop key="hibernate.jdbc.batch_size">50</prop>
				<!-- 配置Hibernate的二级缓存 -->
				<!--<prop key="hibernate.cache.use_second_level_cache">true</prop> Hibernate 3.3 and above not use this--> 
				 <prop key="hibernate.cache.use_query_cache">true</prop>				
				<!-- <prop key="hibernate.cache.region.factory_class">
					org.hibernate.cache.EhCacheRegionFactory
				</prop>	Hibernate 3.3 and above not use this--> 			
				<prop key="hibernate.cache.provider_class">org.hibernate.cache.EhCacheProvider</prop>
				<prop key="jdbc.use_scrollable_resultset">false</prop>
				<prop key="hibernate.jdbc.use_scrollable_resultset">false</prop>
				<prop key="hibernate.c3p0.min_size">1</prop>
  				<prop key="hibernate.c3p0.max_size">3</prop>
  				<prop key="hibernate.c3p0.timeout">300</prop>
  				<prop key="hibernate.c3p0.max_statements">50</prop>
  				<prop key="hibernate.c3p0.idle_test_period">3000</prop>
  				<prop key="javax.persistence.validation.mode">none</prop> 					
			</props>
		</property>
	</bean>
	
	
    <!-- 启动AspectJ支持 -->   
    <aop:aspectj-autoproxy proxy-target-class="true"/>

</beans>