<?xml version="1.0" encoding="UTF-8"?>
<!DOCTYPE struts PUBLIC
    "-//Apache Software Foundation//DTD Struts Configuration 2.1//EN"
    "http://struts.apache.org/dtds/struts-2.1.dtd">
<struts>
	<constant name="struts.devMode" value="false" />
	<constant name="struts.custom.i18n.resources" value="i18n.resource"/>
	<constant name="struts.i18n.encoding" value="UTF-8" />
	<constant name="struts.enable.DynamicMethodInvocation" value="true"/>
	<constant name="struts.multipart.maxSize" value="20971520"/>
	<package name="ajax" extends="json-default">
		<action name="uiMaskAction" class="com.syslec.iris.commons.action.UIMaskAction">
			<!-- 返回json类型数据 -->
			<result type="json">
				<param name="root">result<!-- result是action中设置的变量名，也是页面需要返回的数据，该变量必须有setter和getter方法 --></param>
				<param name="excludeNullProperties">true</param>
				<param name="noCache">true</param> 
			</result>
		</action>	
		
		<action name="returnObjectListJsonAction" class="com.syslec.iris.commons.action.ReturnObjectListJsonAction">
			<!-- 返回json类型数据 -->
			<result type="json">
				<param name="root">result<!-- result是action中设置的变量名，也是页面需要返回的数据，该变量必须有setter和getter方法 --></param>
				<param name="excludeNullProperties">true</param>
				<param name="noCache">true</param> 
			</result>
		</action>
		
		<action name="objectValidationAction" class="com.syslec.iris.commons.action.ObjectValidationAction">
			<!-- 返回json类型数据 -->
			<result type="json">
				<param name="root">result<!-- result是action中设置的变量名，也是页面需要返回的数据，该变量必须有setter和getter方法 --></param>
				<param name="excludeNullProperties">true</param>
				<param name="noCache">true</param> 
			</result>
		</action>
		
	</package>	
	
	<package name="default" namespace="/" extends="struts-default">
		<result-types>
			<result-type name="json" class="org.apache.struts2.json.JSONResult" />
		</result-types>
		<action name="selectBranchAndReportDateAction" class="com.syslec.iris.security.action.SelectBranchAndReportDateAction">
			<result name="CHANGEPASSWORD">/pages/security/userchangepassword.jsp</result>
			<result name="success">/main.jsp</result>
			<result name="SUCCESS">/main.jsp</result>
		</action>
		
		<action name="usersAction" class="com.syslec.iris.security.action.UsersAction">
			<result name="shortcutSetting">/pages/security/shortcutSetting.jsp</result>
			<result name="importReportSetting">/pages/security/importReportSetting.jsp</result>
			<result name="SUCCESS">/pages/security/userslist.jsp</result>
			<result name="goToAdd">/pages/security/usersadd.jsp</result>
			<result name="usermodifyselect">/pages/security/usersmodify.jsp</result>
			<result name="usermodify">/pages/security/usersmodify.jsp</result>
			<result name="usermodify_admin">/pages/security/usersmodify_admin.jsp</result>
			<result name="gosetroles">/pages/security/setroles.jsp</result>
			<result name="gosetbranches">/pages/security/setbranches.jsp</result>
			<result name="gosetteam">/pages/security/setteams.jsp</result>
			<result name="userchangpassword">/userchangepasswordonly.jsp</result>
			<result name="changed">/login.jsp</result>
			<result name="queryRoleDescription" type="json">
				<param name="contentType">application/json</param>
				<param name="root">jsonObject</param>
			</result>
		</action>		
		
		<action name="reportUserRightAction" class="com.syslec.iris.security.action.ReportUserRightAction">
			<result name="modifyRight">/pages/security/shortcutSetting.jsp</result>
			<result name="importRight">/pages/security/importReportSetting.jsp</result>
		</action>
		
		<action name="branchAction" class="com.syslec.iris.commons.business.action.BranchAction">
			<result name="goToEdit">/pages/business/BranchEdit.jsp</result>
			<result name="goToAdd">/pages/business/BranchEdit.jsp</result>
			<result name="select">/pages/business/BranchList.jsp</result>
			<result name="download">/pages/commons/DownloadFile.jsp</result>
		</action>
		
		<action name="systemObjectsTreeAction" class="com.syslec.iris.security.action.SystemObjectsTreeAction">
			<result name="SUCCESS">/pages/security/aclsetting.jsp</result>
		</action>	
		
		<action name="systemObjectsTreeActionRoleUpdate" class="com.syslec.iris.security.action.SystemObjectsTreeAction" method="roleUpdate">
			<result name="SUCCESS">/pages/security/aclsetting.jsp</result>
		</action>					
		
		<action name="systemRolesAction" class="com.syslec.iris.security.action.SystemRolesAction" >
			<result name="SUCCESS">/pages/security/roleslist.jsp</result>
			<result name="goToEdit">/pages/security/rolesedit.jsp</result>
			<result name="goToAdd">/pages/security/rolesadd.jsp</result>
			<result name="goToRoleAssign">/pages/security/roleassign.jsp</result>
		</action>
		
		<action name="userChangePasswordAction" class="com.syslec.iris.security.action.UserChangePasswordAction">
			<result name="SUCCESS">/main.jsp</result>
		</action>		
		
		
		<action name="downloadFileAction" class="com.syslec.iris.commons.action.DownloadFileAction">
			<result name="SUCCESS" type="stream">
			  <param name="contentType">application/octet-stream</param>
			  <param name="inputName">fileInputStream</param>
			  <param name="contentDisposition">attachment;filename=${downloadFileName}</param>
			  <param name="bufferSize">1024</param>
			</result>
		</action>		
		
		<action name="customerBasicInformationAction" class="com.syslec.iris.commons.basic.action.CustomerBasicInformationAction" >
			<result name="goToEdit">/pages/basic/CustomerBasicInformationEdit.jsp</result>
			<result name="goToAdd">/pages/basic/CustomerBasicInformationEdit.jsp</result>
			<result name="select">/pages/basic/CustomerBasicInformationList.jsp</result>
		</action>
		
		<action name="sourceCodesGenerateAction" class="com.syslec.iris.tech.action.SourceCodesGenerateAction">
			<result name="upload">/pages/tech/SourceCodeGenerate.jsp</result>
		</action>		
		
		<!-- AactionLog -->
		<action name="actionLogConfigAction" class="com.syslec.iris.commons.action.ActionLogConfigAction">
			<result name="select">/pages/commons/ActionLogConfigList.jsp</result>
			<result name="goToEdit">/pages/commons/ActionLogConfigEdit.jsp</result>
			<result name="goToAdd">/pages/commons/ActionLogConfigEdit.jsp</result>
		</action>
		<action name="actionlogAction" class="com.syslec.iris.commons.action.ActionLogAcion">
			<result name="select">/pages/commons/actionlog.jsp</result>
			<result name="download">/pages/commons/DownloadFile.jsp</result>
		</action>
		
		<action name="dataImportMappingAction" class="com.syslec.iris.commons.basic.action.DataImportMappingAction">
			<result name="goToEdit">/pages/basic/DataImportMappingEdit.jsp</result>
			<result name="goToAdd">/pages/basic/DataImportMappingEdit.jsp</result>
			<result name="select">/pages/basic/DataImportMappingList.jsp</result>
		</action>
		
		<action name="reportUserAction" class="com.syslec.iris.commons.action.ReportUserAction">
			<result name="reportuserlist">/pages/basic/ReportUserList.jsp</result>
			<result name="goToEdit">/pages/basic/ReportUserEdit.jsp</result>
			<result name="branchReportSetting" type="redirectAction">branchReportSettingAction</result>
		</action>
		<!-- AactionLog End-->
		
		<!-- Basic Actions -->
		<action name="branchReportSettingAction" class="com.syslec.iris.commons.basic.action.BranchReportSettingAction">
			<result name="setBranchReport">/pages/basic/BranchReportSet.jsp</result>
		</action>		
		
		<action name="branchReportStatusAction" class="com.syslec.iris.commons.basic.action.BranchReportStatusAction">
			<result name="setBranchReport">/pages/basic/BranchReportSet.jsp</result>
			<result name="clearreportstatus">/pages/basic/ClearBranchReportStatus.jsp</result>
		</action>
		<!-- Basic Actions End -->
		
		
		
		<!-- acm -->
		<action name="CounterfeitMoneyAction" class="com.syslec.iris.acm.action.CounterfeitMoneyAction">
			<result name="select">/pages/acm/CounterfeitMoneyList.jsp</result>
			<result name="success">/pages/acm/CounterfeitMoneyList.jsp</result>
			<result name="goToEdit">/pages/acm/CounterfeitMoneyEdit.jsp</result>
			<result name="saveAndEdit">/pages/acm/CounterfeitMoneyEdit.jsp</result>
			<result name="goToAdd">/pages/acm/CounterfeitMoneyEdit.jsp</result>
			<result name="CompareFileList" type="redirect">ACMCompareFileAction!select</result>
			<result name="download">/pages/commons/DownloadFile.jsp</result>
		</action>
		<action name="ACMCompareFileAction" class="com.syslec.iris.acm.action.ACMCompareFileAction">
			<result name="select">/pages/acm/ACMCompareFileList.jsp</result>
			<result name="send">/pages/acm/ACMCompareFileList.jsp</result>
			<result name="receive">/pages/acm/ACMCompareFileList.jsp</result>
			<result name="success">/pages/acm/ACMCompareFileList.jsp</result>
			<result name="download">/pages/commons/DownloadFile.jsp</result>
			<result name="queryPbocResult" type="redirect">NewTypeCounterfeitMoneyAction?searchid=${searchid}</result>
		</action>
		<action name="ACMCurrencyAction" class="com.syslec.iris.acm.action.ACMCurrencyAction">
			<result name="select">/pages/acm/currency/List.jsp</result>
			<result name="goToAdd">/pages/acm/currency/Edit.jsp</result>
			<result name="goToEdit">/pages/acm/currency/Edit.jsp</result>
			<result name="success">/pages/acm/currency/List.jsp</result>
			<result name="download">/pages/commons/DownloadFile.jsp</result>
		</action>
		<action name="ACMTrancheAction" class="com.syslec.iris.acm.action.ACMTrancheAction">
			<result name="select">/pages/acm/tranche/List.jsp</result>
			<result name="goToAdd">/pages/acm/tranche/Edit.jsp</result>
			<result name="goToEdit">/pages/acm/tranche/Edit.jsp</result>
			<result name="success">/pages/acm/tranche/List.jsp</result>
			<result name="download">/pages/commons/DownloadFile.jsp</result>
		</action>
		<action name="AcmMachineAction" class="com.syslec.iris.acm.action.AcmMachineAction">
			<result name="select">/pages/acm/machine/List.jsp</result>
			<result name="goToAdd">/pages/acm/machine/Edit.jsp</result>
			<result name="goToEdit">/pages/acm/machine/Edit.jsp</result>
			<result name="success">/pages/acm/machine/List.jsp</result>
			<result name="download">/pages/commons/DownloadFile.jsp</result>
		</action>
		<action name="AcmMachineMaintenanceAction" class="com.syslec.iris.acm.action.AcmMachineMaintenanceAction">
			<result name="select">/pages/acm/machineMaintenance/List.jsp</result>
			<result name="goToAdd">/pages/acm/machineMaintenance/Edit.jsp</result>
			<result name="goToEdit">/pages/acm/machineMaintenance/Edit.jsp</result>
			<result name="success">/pages/acm/machineMaintenance/List.jsp</result>
			<result name="download">/pages/commons/DownloadFile.jsp</result>
		</action>
		<action name="NewTypeCounterfeitMoneyAction" class="com.syslec.iris.acm.action.NewTypeCounterfeitMoneyAction">
			<result name="success">/pages/acm/newTypeCounterfeitMoney/List.jsp</result>
		</action>
		
		
		<!-- acm end -->
	</package>
	
</struts>