<?xml version="1.0" encoding="UTF-8"?>
<!DOCTYPE struts PUBLIC
    "-//Apache Software Foundation//DTD Struts Configuration 2.1//EN"
    "http://struts.apache.org/dtds/struts-2.1.dtd">
<struts>
	<constant name="struts.devMode" value="false" />
	<constant name="struts.custom.i18n.resources" value="i18n.resource"/>
	<constant name="struts.i18n.encoding" value="UTF-8" />
	<constant name="struts.enable.DynamicMethodInvocation" value="true"/>
	<constant name="struts.multipart.maxSize" value="20971520"/>
	<package name="ajax" extends="json-default">
		<action name="uiMaskAction" class="com.syslec.iris.commons.action.UIMaskAction">
			<!-- 返回json类型数据 -->
			<result type="json">
				<param name="root">result<!-- result是action中设置的变量名，也是页面需要返回的数据，该变量必须有setter和getter方法 --></param>
				<param name="excludeNullProperties">true</param>
				<param name="noCache">true</param> 
			</result>
		</action>	
		
		<action name="returnObjectListJsonAction" class="com.syslec.iris.commons.action.ReturnObjectListJsonAction">
			<!-- 返回json类型数据 -->
			<result type="json">
				<param name="root">result<!-- result是action中设置的变量名，也是页面需要返回的数据，该变量必须有setter和getter方法 --></param>
				<param name="excludeNullProperties">true</param>
				<param name="noCache">true</param> 
			</result>
		</action>
		
		<action name="objectValidationAction" class="com.syslec.iris.commons.action.ObjectValidationAction">
			<!-- 返回json类型数据 -->
			<result type="json">
				<param name="root">result<!-- result是action中设置的变量名，也是页面需要返回的数据，该变量必须有setter和getter方法 --></param>
				<param name="excludeNullProperties">true</param>
				<param name="noCache">true</param> 
			</result>
		</action>
		
	</package>	
	
	<package name="default" namespace="/" extends="struts-default">	
		<action name="selectBranchAndReportDateAction" class="com.syslec.iris.security.action.SelectBranchAndReportDateAction">
			<result name="CHANGEPASSWORD">/pages/security/userchangepassword.jsp</result>
			<result name="success">/main.jsp</result>
			<result name="SUCCESS">/main.jsp</result>
		</action>
		
		<action name="usersAction" class="com.syslec.iris.security.action.UsersAction">
			<result name="shortcutSetting">/pages/security/shortcutSetting.jsp</result>
			<result name="importReportSetting">/pages/security/importReportSetting.jsp</result>
			<result name="SUCCESS">/pages/security/userslist.jsp</result>
			<result name="goToAdd">/pages/security/usersadd.jsp</result>
			<result name="usermodifyselect">/pages/security/usersmodify.jsp</result>
			<result name="usermodify">/pages/security/usersmodify.jsp</result>
			<result name="usermodify_admin">/pages/security/usersmodify_admin.jsp</result>
			<result name="gosetroles">/pages/security/setroles.jsp</result>
			<result name="gosetbranches">/pages/security/setbranches.jsp</result>
			<result name="gosetteam">/pages/security/setteams.jsp</result>
			<result name="userchangpassword">/userchangepasswordonly.jsp</result>
			<result name="changed">/login.jsp</result>			
		</action>		
		
		<action name="reportUserRightAction" class="com.syslec.iris.security.action.ReportUserRightAction">
			<result name="modifyRight">/pages/security/shortcutSetting.jsp</result>
			<result name="importRight">/pages/security/importReportSetting.jsp</result>
		</action>
		
		<action name="branchAction" class="com.syslec.iris.commons.business.action.BranchAction">
			<result name="goToEdit">/pages/business/BranchEdit.jsp</result>
			<result name="goToAdd">/pages/business/BranchEdit.jsp</result>
			<result name="select">/pages/business/BranchList.jsp</result>
			<result name="download">/pages/commons/DownloadFile.jsp</result>
		</action>
		
		<action name="systemObjectsTreeAction" class="com.syslec.iris.security.action.SystemObjectsTreeAction">
			<result name="SUCCESS">/pages/security/aclsetting.jsp</result>
		</action>	
		
		<action name="systemObjectsTreeActionRoleUpdate" class="com.syslec.iris.security.action.SystemObjectsTreeAction" method="roleUpdate">
			<result name="SUCCESS">/pages/security/aclsetting.jsp</result>
		</action>					
		
		<action name="systemRolesAction" class="com.syslec.iris.security.action.SystemRolesAction" >
			<result name="SUCCESS">/pages/security/roleslist.jsp</result>
			<result name="goToEdit">/pages/security/rolesedit.jsp</result>
			<result name="goToAdd">/pages/security/rolesadd.jsp</result>
			<result name="goToRoleAssign">/pages/security/roleassign.jsp</result>
		</action>
		
		<action name="userChangePasswordAction" class="com.syslec.iris.security.action.UserChangePasswordAction">
			<result name="SUCCESS">/main.jsp</result>
		</action>		
		
		<action name="commonsReportGenerateAction" class="com.syslec.iris.commons.action.CommonsReportGenerateAction">
			<result name="select">/pages/commons/GenerateBatchReports.jsp</result>
			<result name="goDownload">/pages/commons/DownloadFile.jsp</result>
			
		</action>		
		
		<action name="downloadFileAction" class="com.syslec.iris.commons.action.DownloadFileAction">
			<result name="SUCCESS" type="stream">
			  <param name="contentType">application/octet-stream</param>
			  <param name="inputName">fileInputStream</param>
			  <param name="contentDisposition">attachment;filename=${downloadFileName}</param>
			  <param name="bufferSize">1024</param>
			</result>
		</action>		
		
		<action name="customerBasicInformationAction" class="com.syslec.iris.commons.basic.action.CustomerBasicInformationAction" >
			<result name="goToEdit">/pages/basic/CustomerBasicInformationEdit.jsp</result>
			<result name="goToAdd">/pages/basic/CustomerBasicInformationEdit.jsp</result>
			<result name="select">/pages/basic/CustomerBasicInformationList.jsp</result>
		</action>
		
		<action name="sourceCodesGenerateAction" class="com.syslec.iris.tech.action.SourceCodesGenerateAction">
			<result name="upload">/pages/tech/SourceCodeGenerate.jsp</result>
		</action>		
		
		<!-- AactionLog -->
		<action name="actionLogConfigAction" class="com.syslec.iris.commons.action.ActionLogConfigAction">
			<result name="select">/pages/commons/ActionLogConfigList.jsp</result>
			<result name="goToEdit">/pages/commons/ActionLogConfigEdit.jsp</result>
			<result name="goToAdd">/pages/commons/ActionLogConfigEdit.jsp</result>
		</action>
		<action name="actionlogAction" class="com.syslec.iris.commons.action.ActionLogAcion">
			<result name="select">/pages/commons/actionlog.jsp</result>
			<result name="download">/pages/commons/DownloadFile.jsp</result>
		</action>
		
		<action name="dataImportMappingAction" class="com.syslec.iris.commons.basic.action.DataImportMappingAction">
			<result name="goToEdit">/pages/basic/DataImportMappingEdit.jsp</result>
			<result name="goToAdd">/pages/basic/DataImportMappingEdit.jsp</result>
			<result name="select">/pages/basic/DataImportMappingList.jsp</result>
		</action>
		
		<action name="reportUserAction" class="com.syslec.iris.commons.action.ReportUserAction">
			<result name="reportuserlist">/pages/basic/ReportUserList.jsp</result>
			<result name="goToEdit">/pages/basic/ReportUserEdit.jsp</result>
			<result name="branchReportSetting" type="redirectAction">branchReportSettingAction</result>
		</action>
		<!-- AactionLog End-->
		
		<!-- Basic Actions -->
		<action name="branchReportSettingAction" class="com.syslec.iris.commons.basic.action.BranchReportSettingAction">
			<result name="setBranchReport">/pages/basic/BranchReportSet.jsp</result>
			<result name="goReportList" type="redirectAction">cbrc1104ReportListAction</result>
			<result name="cbrc1104" type="redirectAction">cbrc1104ReportListAction</result>
			<result name="PBOCCentralization" type="redirectAction">pbocCentralizationReportListAction</result>
		</action>		
		
		<action name="branchReportStatusAction" class="com.syslec.iris.commons.basic.action.BranchReportStatusAction">
			<result name="setBranchReport">/pages/basic/BranchReportSet.jsp</result>
			<result name="goReportList" type="redirectAction">cbrc1104ReportListAction</result>
			<result name="clearreportstatus">/pages/basic/ClearBranchReportStatus.jsp</result>
		</action>
		<!-- Basic Actions End -->
		
		<!-- CBRC 1104 Actions -->
		<action name="cbrc1104ReportListAction" class="com.syslec.iris.cbrc1104.action.CBRC1104ReportListAction">
			<result name="SUCCESS">/pages/cbrc/ReportList.jsp</result>
			<result name="goToEdit">/pages/cbrc/ReportEdit.jsp</result>
			<result name="goEditG0101">/pages/cbrc/ReportEditG0101.jsp</result>
			<result name="goEditG0200">/pages/cbrc/ReportEditG0200.jsp</result>
			<result name="goEditG1500">/pages/cbrc/ReportEditG1500.jsp</result>
			<result name="goEditG1600">/pages/cbrc/ReportEditG1600.jsp</result>
			<result name="goEditG1800">/pages/cbrc/ReportEditG1800.jsp</result>
			<result name="goEditG2501">/pages/cbrc/ReportEditG2501.jsp</result>
			<result name="goEditS3A00">/pages/cbrc/ReportEditS3A00.jsp</result>
			<result name="goEditS3F00">/pages/cbrc/ReportEditS3F00.jsp</result>
			<result name="goEditG3200">/pages/cbrc/ReportEditG3200.jsp</result>
			<result name="goEditG4B01">/pages/cbrc/ReportEditG4B01.jsp</result>
			<result name="goEditG33">/pages/cbrc/ReportEditG33.jsp</result>
			<result name="goEditG32">/pages/cbrc/ReportEditG32.jsp</result>
			<result name="goEditS2400">/pages/cbrc/ReportEditS2400.jsp</result>
			<result name="goEditS2700">/pages/cbrc/ReportEditS2700.jsp</result>
			<result name="goEditS7001">/pages/cbrc/ReportEditS7001.jsp</result>
			<result name="goEditS7002">/pages/cbrc/ReportEditS7002.jsp</result>
			<result name="checkSuccess">/pages/cbrc/ReportCheck.jsp</result>
			<result name="listCheckItem">/pages/cbrc/ReportCheck.jsp</result>
			<result name="goReportList" type="redirectAction">cbrc1104ReportListAction</result>
			<result name="displayOpResult">/DisplayResult.jsp</result>
			<result name="branchReportSetting" type="redirectAction">branchReportSettingAction</result>
		</action>
		
		<action name="cbrc1104CombineReportAction" class="com.syslec.iris.cbrc1104.action.CBRC1104CombineReportAction">
			<result name="SUCCESS">/pages/cbrc/CombineReport.jsp</result>
			<result name="combineReportResult">/pages/cbrc/CombineReportResult.jsp</result>
			<result name="BACK">/main.jsp</result>
			<result name="branchReportSetting" type="redirectAction">branchReportSettingAction</result>
		</action>
		
		<action name="cbrc1104ExportReportAction" class="com.syslec.iris.cbrc1104.action.CBRC1104ExportReportAction">
			<result name="exportReport">/pages/cbrc/ExportReport.jsp</result>
			<result name="dataExtraction">/pages/cbrc/DataExtraction.jsp</result>
			<result name="dataVerification">/pages/cbrc/DataVerification.jsp</result>
			<result name="displayOpResult">/DisplayResult.jsp</result>
			<result name="branchReportSetting" type="redirectAction">branchReportSettingAction</result>
		</action>
		
		<action name="cbrc1104ImportDataAction" class="com.syslec.iris.cbrc1104.action.CBRC1104ImportDataAction">
			<result name="importdata">/pages/cbrc/ImportData.jsp</result>
			<result name="gocheck">/pages/cbrc/ImportData.jsp</result>
			<result name="success" type="redirectAction">cbrc1104ReportListAction</result>
		</action>
		<!-- CBRC 1104 Actions End -->
		
		<!-- PBOC Centralization Actions -->
		<action name="pbocCentralizationReportListAction" class="com.syslec.iris.pboccentralization.action.PBOCCentralizationReportListAction">
			<result name="clearSuccess">/pages/basic/ClearReportResult.jsp</result>
			<result name="SUCCESS">/pages/pboccentralization/ReportList.jsp</result>
			<result name="goTOClearReportJsp">/pages/pboccentralization/ClearReport.jsp</result>
			<result name="goToEdit">/pages/pboccentralization/ReportEdit.jsp</result>
			<result name="checkSuccess">/pages/pboccentralization/ReportCheck.jsp</result>
			<result name="listCheckItem">/pages/pboccentralization/ReportCheck.jsp</result>
			<result name="displayOpResult">/DisplayResult.jsp</result>
			<result name="gotoVerification">/pages/pboccentralization/DataVerification.jsp</result>
			<result name="goReportList" type="redirectAction">pbocCentralizationReportListAction</result>
			<result name="branchReportSetting" type="redirectAction">branchReportSettingAction</result>
			<result name="printPDF" type="stream">
				<param name="contentType">application/octet-stream</param>
				<param name="inputName">fileInputStream</param>
				<param name="contentDisposition">attachment;filename=${fileName}</param>
				<param name="bufferSize">4096</param>
			</result>
		</action>
		
		<action name="pbocCentralizationImportDataAction" class="com.syslec.iris.pboccentralization.action.PBOCCentralizationImportDataAction">
			<interceptor-ref name="defaultStack" />
			<interceptor-ref name="execAndWait">
			    <param name="delay">1000</param>
			    <param name="delaySleepInterval">50</param>
			 </interceptor-ref>
			<result name="wait">/pages/basic/ExecAndWait.jsp</result>
			<result name="importdata">/pages/pboccentralization/ImportData.jsp</result>
			<result name="gocheck">/pages/pboccentralization/ImportData.jsp</result>
			<interceptor-ref name="fileUpload">
                <param name="maximumSize">52428800</param> 
            </interceptor-ref>
            <interceptor-ref name="defaultStack"></interceptor-ref>
			<!-- <result name="success" type="redirectAction">pbocCentralizationReportListAction</result> -->
			<result name="success">/pages/basic/ExecAndOver.jsp</result>
		</action>		
		
		<action name="pbocCentralizationDataExtractionAction" class="com.syslec.iris.pboccentralization.action.PBOCCentralizationDataExtractionAction">
			<result name="SUCCESS">/pages/pboccentralization/DataExtraction.jsp</result>
		</action>
		
		<action name="pbocCentralizationCombineReportAction" class="com.syslec.iris.pboccentralization.action.PBOCCentralizationCombineReportAction">
			<result name="SUCCESS">/pages/pboccentralization/CombineReport.jsp</result>
			<result name="successProvince">/pages/pboccentralization/CombineReportProvince.jsp</result>
			<result name="combineReportResult">/pages/pboccentralization/CombineReportResult.jsp</result>
			<result name="branchReportSetting" type="redirectAction">branchReportSettingAction</result>
		</action>
		
		<action name="pbocCentralizationExportReportAction" class="com.syslec.iris.pboccentralization.action.PBOCCentralizationExportReportAction">
			<result name="list">/pages/pboccentralization/ExportReport.jsp</result>
			<result name="exportExecl">/pages/pboccentralization/ExportExcel.jsp</result>
			<result name="dataExtraction">/pages/pboccentralization/DataExtraction.jsp</result>
			<result name="verification">/pages/pboccentralization/DataVerification.jsp</result>
			<result name="SUCCESS">/pages/pboccentralization/DownloadFileIJ.jsp</result>
			<result name="branchReportSetting" type="redirectAction">branchReportSettingAction</result>
			<result name="displayOpResult">/DisplayResult.jsp</result>
		</action>
		
		<action name="pbocNaturalLogicAction" class="com.syslec.iris.pboccentralization.action.PBOCNaturalLogicAction">
			<result name="success">/pages/pboccentralization/NaturalLogicUploadAndDownload.jsp</result>
			<result name="download" type="stream">
			  <param name="contentType">application/octet-stream</param>
			  <param name="inputName">fileInputStream</param>
			  <param name="contentDisposition">attachment;filename=${fileName}</param>
			  <param name="bufferSize">1024</param>
			</result>
		</action>
		<!-- PBOC Centralization Actions End -->
		
		<!-- acm -->
		<action name="CounterfeitMoneyAction" class="com.syslec.iris.acm.action.CounterfeitMoneyAction">
			<result name="select">/pages/acm/CounterfeitMoneyList.jsp</result>
			<result name="success">/pages/acm/CounterfeitMoneyList.jsp</result>
			<result name="goToEdit">/pages/acm/CounterfeitMoneyEdit.jsp</result>
			<result name="saveAndEdit">/pages/acm/CounterfeitMoneyEdit.jsp</result>
			<result name="goToAdd">/pages/acm/CounterfeitMoneyEdit.jsp</result>
			<result name="CompareFileList" type="redirect">ACMCompareFileAction!select</result>
			<result name="download">/pages/commons/DownloadFile.jsp</result>
		</action>
		<action name="ACMCompareFileAction" class="com.syslec.iris.acm.action.ACMCompareFileAction">
			<result name="select">/pages/acm/ACMCompareFileList.jsp</result>
			<result name="send">/pages/acm/ACMCompareFileList.jsp</result>
			<result name="receive">/pages/acm/ACMCompareFileList.jsp</result>
			<result name="success">/pages/acm/ACMCompareFileList.jsp</result>
			<result name="download">/pages/commons/DownloadFile.jsp</result>
		</action>
		<action name="ACMCurrencyAction" class="com.syslec.iris.acm.action.ACMCurrencyAction">
			<result name="select">/pages/acm/currency/List.jsp</result>
			<result name="goToAdd">/pages/acm/currency/Edit.jsp</result>
			<result name="goToEdit">/pages/acm/currency/Edit.jsp</result>
			<result name="success">/pages/acm/currency/List.jsp</result>
			<result name="download">/pages/commons/DownloadFile.jsp</result>
		</action>
		<action name="ACMTrancheAction" class="com.syslec.iris.acm.action.ACMTrancheAction">
			<result name="select">/pages/acm/tranche/List.jsp</result>
			<result name="goToAdd">/pages/acm/tranche/Edit.jsp</result>
			<result name="goToEdit">/pages/acm/tranche/Edit.jsp</result>
			<result name="success">/pages/acm/tranche/List.jsp</result>
			<result name="download">/pages/commons/DownloadFile.jsp</result>
		</action>
		
		
		<!-- acm end -->
	</package>
	
</struts>